x,y,url,domain
14.073759,6.782719,https://lifehacker.com/the-difference-between-global-and-national-recessions-1849698626,lifehacker.com
1.7817159,6.4981513,https://lifehacker.com/these-are-the-best-store-bought-pie-crusts-1849737398,lifehacker.com
2.27086,2.849664,https://lifehacker.com/a-beginners-guide-to-buying-your-first-gaming-pc-1849735385,lifehacker.com
1.6039071,-1.1089438,https://www.engadget.com/apple-tv-4k-review-2022-faster-cheaper-best-streaming-box-150013627.html,www.engadget.com
1.1489902,-1.6273775,https://www.engadget.com/beats-fit-pro-fall-to-new-low-of-145-for-today-only-085343121.html,www.engadget.com
-3.4325154,-1.2649915,https://www.wired.com/story/twitter-elon-musk-verification/,www.wired.com
-3.294453,0.38552293,https://www.wired.com/story/algorithms-quietly-run-the-city-of-dc-and-maybe-your-hometown/,www.wired.com
0.648793,-5.6734962,https://www.wired.com/story/the-sci-fi-dream-of-a-molecular-computer-is-getting-more-real/,www.wired.com
-4.9510465,-0.7757449,https://www.wired.com/story/tiktok-lil-yachty-poland/,www.wired.com
2.1275902,4.3240137,https://www.wired.com/story/best-buy-deals-black-friday-2022-2/,www.wired.com
-3.270393,0.98054093,https://www.wired.com/story/soccer-world-cup-biometric-surveillance/,www.wired.com
-5.4892797,1.3212795,https://www.wired.com/story/how-peaceful-crowds-turn-into-a-deadly-crush/,www.wired.com
-0.32880723,7.7894416,https://www.wired.com/gallery/25-amazing-holiday-gift-ideas-under-25-2022/,www.wired.com
0.92612195,-4.388428,https://www.theverge.com/2022/11/3/23438437/philips-hue-bridge-matter-certified-smart-home-update,www.theverge.com
-1.3129956,-3.27488,https://www.theverge.com/2022/11/3/23434395/life360-tile-bluetooth-trackers-family-tracking-feature,www.theverge.com
-0.95259786,0.8341269,https://www.theverge.com/2022/11/3/23438636/nyc-drone-show-candy-crush-game-ad,www.theverge.com
1.447585,-3.5101864,https://www.theverge.com/2022/11/3/23438752/level-locks-thread-matter-firmware-update-google-samsung,www.theverge.com
4.9445662,14.201598,https://www.theverge.com/23437043/god-of-war-ragnarok-review-sony-ps5,www.theverge.com
1.5040122,1.416264,https://www.theverge.com/2022/11/3/23438722/steam-on-chromebook-beta-release-gaming-chrome-os,www.theverge.com
-5.9504676,-15.757334,https://www.theverge.com/2022/11/3/23438755/elon-musk-hyperloop-tunnel-spacex-remove-parking-lot,www.theverge.com
1.7754726,-3.1002655,https://www.theverge.com/23434755/level-lock-plus-review-apple-home-key-smart-lock,www.theverge.com
5.2957764,15.484692,https://www.theverge.com/2022/11/3/23438683/god-of-war-ragnarok-ps5-graphics-modes,www.theverge.com
0.9547268,-4.196868,https://gizmodo.com/matter-smart-home-launch-amazon-phillips-google-apple-1849739592,gizmodo.com
-5.920601,-15.752676,https://gizmodo.com/elon-musk-spacex-hyperloop-texas-boring-company-1849736888,gizmodo.com
-9.276098,10.533088,https://gizmodo.com/psilocybin-depression-treatment-trial-compass-pathways-1849739991,gizmodo.com
-2.9905374,8.836326,https://gizmodo.com/university-of-alaska-launch-muskox-cam-stream-1849739341,gizmodo.com
-7.3071065,0.6380761,https://www.bbc.co.uk/news/world-asia-china-63386954,www.bbc.co.uk
-12.661014,-0.032683715,https://www.bbc.co.uk/news/world-us-canada-63501157,www.bbc.co.uk
-17.356474,3.3313704,https://www.bbc.co.uk/news/world-us-canada-63494618,www.bbc.co.uk
-0.7971127,-10.962808,https://www.bbc.co.uk/news/science-environment-63458945,www.bbc.co.uk
-3.8914065,6.3991675,https://www.cnn.com/2022/11/03/opinions/fixing-problems-public-schools-culture-wars-roundup/index.html,www.cnn.com
-17.837978,5.522261,https://www.cnn.com/2022/11/03/politics/georgia-senate-race-2022-midterms-warnock-walker/index.html,www.cnn.com
4.68056,-11.30192,https://www.cnn.com/2022/11/03/opinions/energy-prices-profits-tax-wolfe/index.html,www.cnn.com
-17.73388,5.383454,https://www.cnn.com/2022/11/03/politics/senate-race-rankings-november-elections/index.html,www.cnn.com
2.7939727,5.467137,https://www.cnn.com/2022/11/03/business/popeyes-drive-thru/index.html,www.cnn.com
5.4308114,3.7450924,https://www.cnn.com/2022/11/03/weather/south-severe-tornadoes-west-snowstorm/index.html,www.cnn.com
-15.37042,3.987753,https://www.cnn.com/2022/11/03/politics/hillary-clinton-crime-cnntv/index.html,www.cnn.com
-7.3606186,-0.83357346,https://www.cnn.com/2022/11/03/china/china-covid-lanzhou-child-death-outrage-intl-hnk/index.html,www.cnn.com
-1.9132656,-12.201919,https://www.cnn.com/travel/article/climate-change-airplane-takeoff-scn/index.html,www.cnn.com
-9.359469,-5.4527645,https://www.cnn.com/2022/11/03/politics/brittney-griner-visit/index.html,www.cnn.com
4.629677,9.61779,https://www.cnn.com/2022/11/03/entertainment/ina-garten-jeffrey-texts/index.html,www.cnn.com
-15.980304,-0.5420324,https://www.cnn.com/2022/11/03/middleeast/israel-election-benjamin-netanyahu-intl/index.html,www.cnn.com
-5.9253078,3.4037993,https://www.cnn.com/style/article/vermeer-protest-just-add-oil-belgium-hague-prison/index.html,www.cnn.com
-8.882629,3.404922,https://www.bbc.co.uk/news/business-63468944,www.bbc.co.uk
1.3621113,20.502594,https://www.bbc.co.uk/news/world-us-canada-63495470,www.bbc.co.uk
-13.287806,3.371453,https://www.bbc.co.uk/news/world-us-canada-63494615,www.bbc.co.uk
3.4884064,1.9558215,https://www.bbc.co.uk/news/business-63476364,www.bbc.co.uk
0.003911272,-17.53071,https://www.bbc.co.uk/news/av/world-asia-india-63485932,www.bbc.co.uk
-7.1159015,-0.578534,https://www.bbc.co.uk/news/world-asia-china-63481793,www.bbc.co.uk
-16.285524,5.028005,https://www.bbc.co.uk/news/av/world-us-canada-63435544,www.bbc.co.uk
-13.817065,-8.717094,https://www.bbc.co.uk/news/world-asia-63494751,www.bbc.co.uk
-17.359507,1.3288386,https://www.bbc.co.uk/news/world-latin-america-63494525,www.bbc.co.uk
1.7042178,9.766898,https://www.bbc.co.uk/news/entertainment-arts-63497428,www.bbc.co.uk
-8.778997,17.033804,https://www.reuters.com/lifestyle/sports/statbox-soccer-argentina-world-cup-2022-11-03/,www.reuters.com
-6.923325,16.212877,https://www.reuters.com/lifestyle/sports/adored-eriksen-talisman-dynamic-denmark-2022-11-03/,www.reuters.com
-5.8517156,17.31987,https://www.reuters.com/lifestyle/sports/statbox-soccer-australia-world-cup-2022-11-03/,www.reuters.com
-8.445484,19.096485,https://www.reuters.com/lifestyle/sports/statbox-soccer-tunisia-world-cup-2022-11-03/,www.reuters.com
-7.781619,18.487331,https://www.reuters.com/lifestyle/sports/statbox-soccer-poland-world-cup-2022-11-03/,www.reuters.com
-7.8092275,17.704874,https://www.reuters.com/lifestyle/sports/statbox-soccer-denmark-world-cup-2022-11-03/,www.reuters.com
-8.804321,-9.777802,https://www.reuters.com/markets/europe/companies-count-cost-ditching-russia-2022-11-03/,www.reuters.com
7.1107173,-10.068198,https://www.reuters.com/business/autos-transportation/europe-warning-light-flashing-carmakers-dashboards-2022-11-03/,www.reuters.com
8.774267,4.4394884,https://www.reuters.com/business/retail-consumer/more-inflation-system-come-uks-sainsburys-2022-11-03/,www.reuters.com
-7.4733706,18.227129,https://www.reuters.com/lifestyle/sports/statbox-soccer-france-world-cup-2022-11-03/,www.reuters.com
-8.940517,18.772017,https://www.reuters.com/lifestyle/sports/statbox-soccer-saudi-arabia-world-cup-2022-11-03/,www.reuters.com
-10.714415,-10.765617,https://www.reuters.com/article/ukraine-crisis-warplanes-idUSKBN2RT1A6,www.reuters.com
7.903833,-0.39713985,https://www.reuters.com/business/finance/wealthy-families-are-migrating-us-south-ubs-is-following-them-2022-11-03/,www.reuters.com
-0.95877904,9.608933,https://www.reuters.com/business/cop/how-mixing-farms-with-forests-can-help-uk-reach-net-zero-2022-11-03/,www.reuters.com
-3.955379,16.433653,https://www.reuters.com/lifestyle/sports/australias-foley-has-world-cup-return-back-his-mind-2022-11-03/,www.reuters.com
-8.385972,-10.288541,https://www.reuters.com/business/energy/ukrainian-gas-company-naftogaz-first-half-loss-widens-16-bln-2022-11-03/,www.reuters.com
-14.181707,9.60022,https://www.reuters.com/world/europe/spain-exhumes-body-general-linked-garcia-lorcas-execution-2022-11-03/,www.reuters.com
-4.4574327,21.37773,https://www.reuters.com/lifestyle/sports/liverpool-chelsea-search-form-world-cup-interlude-looms-2022-11-03/,www.reuters.com
-12.742308,-1.3810086,https://www.reuters.com/legal/agency-powers-under-threat-us-supreme-court-ftc-sec-cases-2022-11-03/,www.reuters.com
0.17015035,-9.6075115,https://www.reuters.com/business/retail-consumer/climate-change-russia-ukraine-war-hit-global-wine-industryoiv-2022-11-03/,www.reuters.com
-17.891417,-3.4529629,https://www.reuters.com/world/americas/el-chapos-hometown-mexico-considers-drug-trafficking-museum-2022-11-03/,www.reuters.com
-17.76063,-3.3531842,https://www.reuters.com/world/americas/mexico-succession-puts-scientist-path-be-first-woman-president-2022-11-03/,www.reuters.com
11.908257,3.5702004,https://www.reuters.com/markets/us/sterling-slumps-ahead-boe-decision-after-fed-hikes-rates-again-2022-11-03/,www.reuters.com
0.32396808,-12.457802,https://www.reuters.com/business/cop/ukraine-war-makes-fossil-fuel-finance-pledge-tricky-italys-climate-envoy-2022-11-03/,www.reuters.com
12.430884,2.385573,https://www.reuters.com/markets/europe/russian-rouble-slides-past-62-vs-dollar-over-2-week-low-2022-11-03/,www.reuters.com
-2.0764575,2.960317,https://www.reuters.com/world/americas/canada-start-targeting-draws-skilled-immigrants-next-year-2022-11-03/,www.reuters.com
12.770115,-1.3706183,https://www.reuters.com/world/china/china-keep-yuan-stable-says-cbank-governor-2022-11-03/,www.reuters.com
13.852079,2.1794863,https://www.reuters.com/markets/us/india-rupee-rupee-drops-after-powell-dashes-pivot-hopes-premiums-fall-2022-11-03/,www.reuters.com
5.3303905,-7.884989,https://www.reuters.com/business/aerospace-defense/boeing-outlines-risky-waiting-game-new-launches-with-eye-airbus-2022-11-03/,www.reuters.com
11.842574,0.18134631,https://www.reuters.com/markets/europe/global-markets-wrapup-1-pix-2022-11-03/,www.reuters.com
0.46636993,20.428904,https://www.reuters.com/lifestyle/sports/nba-roundup-bucks-down-pistons-again-remain-unbeaten-2022-11-03/,www.reuters.com
-9.610236,-8.517633,https://www.reuters.com/world/europe/world-must-stand-with-kyiv-putin-counts-general-winter-eu-says-2022-11-03/,www.reuters.com
-3.9769945,21.614529,https://www.reuters.com/lifestyle/sports/man-united-beat-sociedad-1-0-spanish-side-top-group-2022-11-03/,www.reuters.com
11.078365,1.3364673,https://www.reuters.com/markets/europe/ecb-shouldnt-be-expected-match-fed-hikes-visco-says-2022-11-03/,www.reuters.com
-5.3235083,16.711845,https://www.reuters.com/lifestyle/sports/no-great-expectations-australia-side-lacking-x-factor-2022-11-03/,www.reuters.com
9.731419,0.51191795,https://www.reuters.com/world/us/us-labor-market-unwavering-despite-stiff-interest-rates-hikes-2022-11-03/,www.reuters.com
-1.6287965,15.9714,https://www.reuters.com/lifestyle/sports/scotlands-ex-skipper-hogg-returns-among-six-changes-versus-fiji-2022-11-03/,www.reuters.com
7.2156754,6.6027026,https://www.reuters.com/world/europe/thousands-rally-spain-demand-pay-hikes-amid-high-inflation-2022-11-03/,www.reuters.com
-9.71671,19.196722,https://www.reuters.com/lifestyle/sports/captain-al-faraj-key-saudi-world-cup-hopes-2022-11-03/,www.reuters.com
16.226114,2.8023934,https://www.reuters.com/business/finance/polish-bank-pekao-sent-net-loss-by-payment-holidays-2022-11-03/,www.reuters.com
2.3460608,-11.531103,https://www.reuters.com/business/energy/energy-market-turmoil-shakes-europes-green-power-plan-2022-11-03/,www.reuters.com
-12.734259,8.483639,https://www.reuters.com/world/africa/survivors-guinea-stadium-massacre-recount-horrors-trial-unfolds-2022-11-03/,www.reuters.com
-11.306281,15.06316,https://www.reuters.com/lifestyle/sports/korir-ready-fight-nyc-marathon-title-defence-2022-11-03/,www.reuters.com
-14.518743,3.9063542,https://www.reuters.com/world/us/police-back-republican-candidates-us-midterms-even-those-jan-6-riot-2022-11-03/,www.reuters.com
11.162258,0.4047315,https://www.reuters.com/markets/europe/dollar-gains-traders-gird-higher-us-rates-2022-11-03/,www.reuters.com
-7.2575536,19.538723,https://www.reuters.com/lifestyle/sports/polands-fortunes-qatar-hinge-support-lewandowski-2022-11-03/,www.reuters.com
3.605093,-16.280075,https://www.reuters.com/business/environment/us-epa-grants-50-mln-communities-improve-air-quality-monitoring-2022-11-03/,www.reuters.com
-0.63121915,-11.477663,https://www.reuters.com/business/cop/un-chief-urges-focus-ambition-trust-egypt-climate-summit-2022-11-03/,www.reuters.com
9.310173,4.7913156,https://www.reuters.com/world/uk/bank-englands-mann-says-inflation-drivers-still-strong-2022-11-03/,www.reuters.com
8.465792,0.15475644,https://www.reuters.com/world/us/federal-reserve-rate-hikes-rival-inflation-pain-one-rural-town-2022-11-03/,www.reuters.com
-5.021585,16.827223,https://www.reuters.com/lifestyle/sports/australia-look-fearless-teen-kuol-owen-style-impact-2022-11-03/,www.reuters.com
-13.272844,-9.622705,https://www.reuters.com/world/asia-pacific/japan-considering-hypersonic-missile-deployment-by-2030-nikkei-2022-11-03/,www.reuters.com
-4.188287,3.1656277,https://www.reuters.com/business/sustainable-business/australia-asks-miners-back-referendum-indigenous-rights-2022-11-03/,www.reuters.com
11.79709,-5.9289584,https://www.reuters.com/business/finance/credit-suisse-warns-drop-fee-revenue-2022-11-03/,www.reuters.com
10.367826,-0.6591312,https://www.reuters.com/business/energy/oil-slips-dollar-firms-supply-worries-check-losses-2022-11-03/,www.reuters.com
-6.7929287,22.882317,https://www.reuters.com/lifestyle/sports/tevez-resigns-coach-argentinas-rosario-central-2022-11-03/,www.reuters.com
-6.8214774,18.04313,https://www.reuters.com/lifestyle/sports/more-questions-than-answers-troubled-holders-france-2022-11-03/,www.reuters.com
-4.8898025,-3.8872252,https://www.reuters.com/technology/erdogan-says-he-could-discuss-charge-twitter-blue-check-with-elon-musk-2022-11-03/,www.reuters.com
-4.7783904,-8.023616,https://www.reuters.com/business/media-telecom/us-telecom-regulator-launching-new-space-bureau-2022-11-03/,www.reuters.com
-0.48764434,2.7662835,https://www.reuters.com/markets/highlights-canada-governments-fall-economic-statement-2022-11-03/,www.reuters.com
14.727498,-8.303548,https://www.reuters.com/business/aerospace-defense/emirates-suspends-nigerian-flights-again-over-trapped-ticket-sales-2022-11-03/,www.reuters.com
10.981154,2.6358802,https://www.reuters.com/video/watch/idRW651202112022RP1,www.reuters.com
-6.8361783,8.293336,https://www.reuters.com/article/factcheck-scotland-coronavirus-idUSL1N31Z1X3,www.reuters.com
-9.426179,-11.922687,https://www.reuters.com/world/kremlin-russia-has-not-decided-whether-extend-black-sea-grain-deal-2022-11-03/,www.reuters.com
0.053165153,-17.5045,https://www.reuters.com/world/india/delhis-air-crime-against-humanity-spurs-calls-close-schools-2022-11-03/,www.reuters.com
-1.7223196,18.123867,https://www.reuters.com/lifestyle/sports/pakistan-keep-hopes-live-by-ending-south-africas-unbeaten-run-2022-11-03/,www.reuters.com
17.793346,-2.0558927,https://www.reuters.com/markets/europe/spains-october-jobless-falls-092-september-291-mln-2022-11-03/,www.reuters.com
1.0909461,-13.268971,https://www.reuters.com/business/sustainable-business/dutch-state-end-export-credit-insurance-fossil-fuel-jan-1-2022-11-03/,www.reuters.com
-18.695253,3.3822887,https://www.reuters.com/article/factcheck-biden-delaware-idUSL1N31Z1SV,www.reuters.com
-9.773348,0.59714174,https://www.reuters.com/world/bahrain-popes-message-may-get-caught-shiite-sunni-muslim-divide-2022-11-03/,www.reuters.com
10.178011,5.3405056,https://www.reuters.com/world/uk/bank-england-readies-biggest-rate-rise-since-1989-2022-11-03/,www.reuters.com
-6.289359,18.689182,https://www.reuters.com/lifestyle/sports/france-need-best-version-mbappe-tough-world-cup-campaign-looms-2022-11-03/,www.reuters.com
8.705229,2.9868045,https://www.reuters.com/markets/asia/turkeys-inflation-hits-24-year-high-855-after-rate-cuts-2022-11-03/,www.reuters.com
6.619222,-12.545592,https://www.reuters.com/technology/europe-leans-asia-homegrown-ev-batteries-2022-11-03/,www.reuters.com
-7.859465,21.442938,https://www.reuters.com/lifestyle/sports/last-chance-bundesligas-world-cup-hopefuls-shine-2022-11-03/,www.reuters.com
2.5453765,-10.721625,https://www.reuters.com/markets/commodities/analysts-cut-eu-carbon-price-forecasts-weak-economies-increased-supply-2022-11-03/,www.reuters.com
9.711652,2.0056622,https://www.reuters.com/markets/europe/battling-high-inflation-sanctions-russia-resume-rate-cutting-next-year-2022-11-03/,www.reuters.com
15.4123535,-3.9630222,https://www.reuters.com/markets/asia/chinas-services-activity-skids-october-covid-restrictions-caixin-pmi-2022-11-03/,www.reuters.com
5.390012,3.7981343,https://www.reuters.com/business/environment/martin-forecast-become-large-post-tropical-cyclone-over-north-atlantic-us-nhc-2022-11-03/,www.reuters.com
-11.973913,-7.3541527,https://www.reuters.com/world/americas/us-mexico-nuclear-cooperation-agreement-enters-into-force-2022-11-03/,www.reuters.com
-6.5183697,-6.3508306,https://www.reuters.com/technology/danish-train-standstill-saturday-caused-by-cyber-attack-2022-11-03/,www.reuters.com
-9.793024,1.3699411,https://www.reuters.com/world/middle-east/iranian-human-rights-lawyers-criticise-clerical-leaders-amid-unrest-2022-11-03/,www.reuters.com
-9.798884,0.07706044,https://www.reuters.com/world/pope-unable-walk-around-papal-plane-due-knee-pain-2022-11-03/,www.reuters.com
-4.570731,20.420536,https://www.reuters.com/lifestyle/sports/tough-test-awaits-leaders-napoli-atalanta-2022-11-03/,www.reuters.com
-10.288213,-10.093477,https://www.reuters.com/world/europe/russian-installed-official-russian-units-likely-quit-western-bank-dnipro-river-2022-11-03/,www.reuters.com
13.600125,1.0674448,https://www.reuters.com/markets/europe/futures-signal-more-losses-feds-rate-hike-view-2022-11-03/,www.reuters.com
7.1857834,-4.672298,https://www.reuters.com/business/retail-consumer/starbucks-investors-seek-specifics-incoming-ceo-union-cafe-overhauls-2022-11-03/,www.reuters.com
3.8787608,-6.396812,https://www.reuters.com/business/finance/exclusive-zambia-says-eximbank-represent-chinese-lenders-debt-talks-2022-11-03/,www.reuters.com
12.868791,0.8278094,https://www.reuters.com/markets/asia/most-gulf-markets-drop-cenbanks-toe-hawkish-fed-line-2022-11-03/,www.reuters.com
10.00425,2.1614633,https://www.reuters.com/markets/europe/central-banks-stay-firmly-rate-hike-mode-slowdown-cards-2022-11-03/,www.reuters.com
-6.564743,20.654877,https://www.reuters.com/lifestyle/sports/asensio-makes-his-case-world-cup-spot-qatar-2022-11-03/,www.reuters.com
9.388268,-13.655765,https://www.reuters.com/business/autos-transportation/saudi-crown-prince-launches-ceer-first-saudi-electric-vehicle-brand-2022-11-03/,www.reuters.com
13.368555,-8.251959,https://www.reuters.com/world/europe/aircraft-lessor-avolon-takes-legal-action-against-lloyds-insurance-2022-11-03/,www.reuters.com
-12.704833,-4.3127346,https://www.reuters.com/world/middle-east/us-issues-fresh-iran-related-sanctions-2022-11-03/,www.reuters.com
-12.66081,-0.23643078,https://www.reuters.com/legal/trump-organization-have-independent-monitor-judge-rules-2022-11-03/,www.reuters.com
5.316245,-1.8948851,https://www.reuters.com/world/uk/uk-watchdog-warns-banks-over-treatment-customers-2022-11-03/,www.reuters.com
10.047527,-1.6197884,https://www.reuters.com/markets/asia/major-gulf-stocks-track-oil-prices-asian-shares-lower-2022-11-03/,www.reuters.com
-2.2819202,-10.531873,https://www.reuters.com/business/cop/spains-la-rioja-old-vines-could-future-proof-wine-against-climate-change-2022-11-03/,www.reuters.com
-13.577501,-4.700246,https://www.reuters.com/markets/currencies/lebanon-steps-back-plan-slash-official-exchange-rate-sources-2022-11-03/,www.reuters.com
16.459837,-2.1444108,https://www.reuters.com/markets/europe/swedish-services-pmi-rises-569-points-october-silfswedbank-2022-11-03/,www.reuters.com
5.704518,-12.197415,https://www.reuters.com/business/energy/renewable-energy-firm-orsted-lifts-2022-profit-outlook-2022-11-03/,www.reuters.com
12.460797,1.1583022,https://www.reuters.com/markets/europe/european-shares-open-sharply-lower-fed-hints-higher-peak-rates-2022-11-03/,www.reuters.com
-7.1342673,-10.553066,https://www.reuters.com/world/europe/ukraines-zaporizhzhia-nuclear-plant-disconnected-grid-2022-11-03/,www.reuters.com
11.497913,1.3977954,https://www.reuters.com/markets/rates-bonds/ecb-cant-just-mirror-fed-moves-lagarde-says-2022-11-03/,www.reuters.com
11.609563,-0.64921844,https://www.reuters.com/markets/us/weary-investors-see-little-respite-fed-hike-gloom-2022-11-03/,www.reuters.com
-8.543253,19.59731,https://www.reuters.com/lifestyle/sports/tunisia-rely-familiar-venues-fans-bid-reach-second-round-2022-11-03/,www.reuters.com
-6.5743966,16.264107,https://www.reuters.com/lifestyle/sports/defiant-danes-can-point-history-dream-world-cup-glory-2022-11-03/,www.reuters.com
-5.887068,19.548264,https://www.reuters.com/lifestyle/sports/nadal-not-optimistic-about-atp-finals-chances-after-paris-exit-2022-11-03/,www.reuters.com
2.6836166,-12.001776,https://www.reuters.com/business/cop/eu-gas-emissions-end-post-covid-rise-cleaner-supply-energy-saving-study-2022-11-03/,www.reuters.com
1.5055983,-10.826407,https://www.reuters.com/business/energy/iea-calls-urgent-action-european-gas-supply-gap-2022-11-03/,www.reuters.com
11.15893,-8.034338,https://www.reuters.com/business/aerospace-defense/aircraft-lessor-aercap-raises-earnings-outlook-growing-demand-2022-11-03/,www.reuters.com
-10.536351,-6.392286,https://www.reuters.com/world/time-finalise-swedens-finlands-entry-nato-stoltenberg-says-2022-11-03/,www.reuters.com
6.824413,-4.5538135,https://www.reuters.com/markets/deals/trump-tied-spac-delays-vote-nov-22-after-falling-short-shareholder-support-2022-11-03/,www.reuters.com
10.63068,0.8639964,https://www.reuters.com/markets/us/banks-raise-fed-terminal-rate-forecasts-after-powells-hawkish-tone-2022-11-03/,www.reuters.com
4.157252,-0.6475779,https://www.reuters.com/legal/government/mastercard-asks-uk-court-reverse-ruling-millions-dead-plaintiffs-2022-11-03/,www.reuters.com
13.366495,4.4159555,https://www.reuters.com/markets/europe/ecb-warns-potential-impact-economy-spanish-banking-tax-2022-11-03/,www.reuters.com
-12.329931,-9.951191,https://www.reuters.com/world/europe/new-russian-submarine-successfully-fires-ballistic-missile-defence-ministry-2022-11-03/,www.reuters.com
10.711795,7.529559,https://www.reuters.com/breakingviews/bnp-defies-french-banks-interest-rate-malaise-2022-11-03/,www.reuters.com
4.9865675,-13.861981,https://www.reuters.com/business/energy/sempra-build-new-us-lng-plant-by-next-year-wall-street-journal-2022-11-03/,www.reuters.com
7.9765396,-14.509935,https://www.reuters.com/business/carl-icahn-owns-over-8-stake-beverage-can-maker-crown-holdings-wsj-2022-11-03/,www.reuters.com
7.3222957,-6.275706,https://www.reuters.com/breakingviews/credit-suisse-puts-first-back-into-first-boston-2022-11-03/,www.reuters.com
13.901767,-0.097072005,https://www.reuters.com/markets/europe/global-markets-view-europe-2022-11-03/,www.reuters.com
13.996766,-0.08634863,https://www.reuters.com/markets/europe/global-markets-view-usa-2022-11-03/,www.reuters.com
6.0863442,-10.8559,https://www.reuters.com/business/energy/suncor-energy-swings-third-quarter-loss-248-bln-charge-fort-hills-2022-11-03/,www.reuters.com
7.827658,-10.300682,https://www.reuters.com/business/autos-transportation/vws-seat-says-is-optimistic-finding-solutions-spains-subsidy-offer-2022-11-03/,www.reuters.com
10.603646,4.472059,https://www.reuters.com/world/uk/view-bank-england-raises-interest-rates-2022-11-03/,www.reuters.com
-11.822812,12.287831,https://www.reuters.com/lifestyle/sports/cas-upholds-quintana-disqualification-tour-de-france-2022-11-03/,www.reuters.com
9.690205,-5.369006,https://www.reuters.com/business/healthcare-pharmaceuticals/moderna-cuts-annual-sales-forecast-covid-vaccine-2022-11-03/,www.reuters.com
-18.027676,3.4838624,https://www.reuters.com/world/us/biden-heads-us-west-campaign-midterms-close-2022-11-03/,www.reuters.com
-9.800484,-9.94254,https://www.reuters.com/world/europe/key-developments-ukraines-kherson-region-since-invasion-2022-11-03/,www.reuters.com
5.87632,-6.079878,https://www.reuters.com/technology/ubs-launches-digital-bond-that-straddles-blockchain-traditional-exchanges-2022-11-03/,www.reuters.com
4.4087467,-15.6252775,https://www.reuters.com/markets/commodities/us-epa-considering-expanding-midwest-e15-gasoline-sales-sources-2022-11-03/,www.reuters.com
-4.131976,18.5519,https://www.reuters.com/lifestyle/sports/englands-chilwell-miss-world-cup-due-hamstring-injury-reports-2022-11-03/,www.reuters.com
13.981417,-6.049804,https://www.reuters.com/markets/deals/gucci-owner-kering-advanced-talks-buy-tom-ford-wsj-2022-11-03/,www.reuters.com
-13.790157,1.1749102,https://www.reuters.com/legal/government/us-labor-board-moves-nix-trump-era-union-election-rule-2022-11-03/,www.reuters.com
5.927333,-9.484322,https://www.reuters.com/business/energy/exclusive-shells-flagship-lng-trading-made-nearly-1-billion-loss-q3-sources-2022-11-03/,www.reuters.com
-0.23048629,-8.873981,https://www.reuters.com/business/cop/gaming-google-oil-firms-use-search-ads-greenwash-study-says-2022-11-03/,www.reuters.com
-9.195244,16.956095,https://www.reuters.com/lifestyle/sports/with-south-america-conquered-scalonis-argentina-eye-world-cup-glory-2022-11-03/,www.reuters.com
-9.301884,-11.712808,https://www.reuters.com/world/un-chief-pushes-russia-ukraine-extend-black-sea-grain-deal-2022-11-03/,www.reuters.com
9.129445,-10.534171,https://www.reuters.com/business/autos-transportation/bmw-plans-direct-sales-its-cars-cfo-tells-newspaper-2022-11-03/,www.reuters.com
-13.861136,-8.897609,https://www.reuters.com/world/asia-pacific/why-is-north-korea-testing-so-many-missiles-2022-11-03/,www.reuters.com
6.2447495,-6.4342213,https://www.reuters.com/business/energy/struggling-gas-importer-uniper-unveils-record-40-billion-euro-net-loss-2022-11-03/,www.reuters.com
-8.812703,-11.126848,https://www.reuters.com/world/europe/russias-war-ukraine-latest-news-russia-resumes-participation-grain-deal-2022-11-03/,www.reuters.com
12.372667,-12.123604,https://www.reuters.com/business/finance/indias-mahindra-mahindra-financial-services-up-after-profit-beat-2022-11-03/,www.reuters.com
5.715194,-3.5962782,https://www.reuters.com/business/finance/blackrock-expands-corporate-voting-choice-more-clients-2022-11-03/,www.reuters.com
10.227999,-7.893898,https://www.reuters.com/business/finance/bnp-paribas-profit-tops-forecast-despite-higher-costs-debt-markdown-2022-11-03/,www.reuters.com
8.890736,-9.238289,https://www.reuters.com/business/autos-transportation/bmw-q3-automotive-margin-grows-89-2022-11-03/,www.reuters.com
-10.398474,-3.6697562,https://www.reuters.com/world/asia-pacific/myanmar-junta-responsible-crisis-says-indonesia-foreign-minister-2022-11-03/,www.reuters.com
11.032978,-4.596295,https://www.reuters.com/business/retail-consumer/under-armour-cuts-annual-forecasts-sportswear-demand-slumps-2022-11-03/,www.reuters.com
10.388969,0.7788502,https://www.reuters.com/markets/us/markets-expect-fed-lift-policy-rate-above-5-by-march-2022-11-03/,www.reuters.com
-14.777343,2.6309278,https://www.reuters.com/article/factcheck-texas-applications-idUSL1N31Z1WZ,www.reuters.com
9.795692,-12.467217,https://www.reuters.com/business/autos-transportation/tesla-ships-71704-china-made-evs-october-cpca-2022-11-03/,www.reuters.com
4.5096536,-9.64881,https://www.reuters.com/business/energy/slb-sees-new-offshore-activity-surpassing-pre-pandemic-levels-2022-11-03/,www.reuters.com
7.123597,-5.4546185,https://www.reuters.com/breakingviews/your-consideration-warner-discovery-part-two-2022-11-03/,www.reuters.com
11.308469,-1.5201879,https://www.reuters.com/business/finance/distressed-credit-lure-more-hedge-fund-investors-next-year-bnp-survey-2022-11-03/,www.reuters.com
15.894026,-0.3078415,https://www.reuters.com/markets/us/us-trade-deficit-widens-september-2022-11-03/,www.reuters.com
-11.693091,14.958533,https://www.reuters.com/lifestyle/sports/shanghai-marathon-be-held-nov-27-2022-11-03/,www.reuters.com
10.221694,3.0147552,https://www.reuters.com/markets/rates-bonds/ecb-should-hike-interest-rates-further-combat-inflation-nagel-says-2022-11-03/,www.reuters.com
13.8678665,2.153372,https://www.reuters.com/markets/us/india-rupee-rupee-eases-fed-sticks-hawkish-tone-2022-11-03/,www.reuters.com
13.623174,-2.6915767,https://www.reuters.com/markets/us/us-productivity-rebounds-moderately-third-quarter-2022-11-03/,www.reuters.com
8.6406975,-6.0193825,https://www.reuters.com/business/autos-transportation/bmw-cfo-still-position-achieve-good-prices-our-cars-2022-11-03/,www.reuters.com
6.16717,0.55296963,https://www.reuters.com/world/uk/uk-government-considers-cutting-tax-free-dividend-allowance-bloomberg-2022-11-03/,www.reuters.com
9.096434,-2.5420291,https://www.reuters.com/markets/funds/uk-investors-pull-208-million-property-funds-october-biggest-monthly-outflow-2022-11-03/,www.reuters.com
17.013117,-3.6951602,https://www.reuters.com/world/middle-east/egypt-private-sector-shrinks-oct-business-optimism-record-low-pmi-2022-11-03/,www.reuters.com
-7.9306493,15.152331,https://www.reuters.com/lifestyle/sports/namibian-domestic-league-returns-after-three-year-hiatus-2022-11-03/,www.reuters.com
-8.009548,21.365025,https://www.reuters.com/lifestyle/sports/germanys-werner-miss-world-cup-with-injury-2022-11-03/,www.reuters.com
-14.9352665,2.4360151,https://www.reuters.com/article/factcheck-election-test-results-idUSL1N31Z2FH,www.reuters.com
-3.7922297,-3.527057,https://www.reuters.com/technology/advertisers-begin-grill-elon-musk-over-twitter-free-for-all-2022-11-03/,www.reuters.com
3.396434,-6.8790884,https://www.reuters.com/markets/commodities/brazil-moves-closer-china-corn-exports-beijing-approves-traders-2022-11-03/,www.reuters.com
15.711428,-3.09474,https://www.reuters.com/business/retail-consumer/growth-indias-services-sector-quickened-oct-optimism-highest-since-early-2015-2022-11-03/,www.reuters.com
-7.488194,12.563601,https://www.reuters.com/lifestyle/sports/qatar-health-workers-ask-only-medical-questions-during-world-cup-spokesperson-2022-11-03/,www.reuters.com
9.268268,2.3220625,https://www.reuters.com/markets/europe/norway-central-bank-hikes-rate-by-25-basis-points-will-likely-hike-again-2022-11-03/,www.reuters.com
-3.002575,16.087507,https://www.reuters.com/lifestyle/sports/wales-dyer-debut-against-new-zealand-experienced-trio-return-2022-11-03/,www.reuters.com
-9.077864,-6.1656666,https://www.reuters.com/world/us-treasurys-adeyemo-heads-europe-discuss-sanctions-russia-oil-price-cap-2022-11-03/,www.reuters.com
-8.591093,-2.3156798,https://www.reuters.com/world/africa/two-thirds-south-sudan-population-risk-severe-hunger-2023-un-2022-11-03/,www.reuters.com
8.029289,-7.616191,https://www.reuters.com/business/energy/enel-trims-net-income-guidance-after-italys-underperformance-2022-11-03/,www.reuters.com
3.8895733,-8.825931,https://www.reuters.com/business/energy/chinas-zhejiang-petroleum-raises-diesel-output-better-margins-sources-2022-11-03/,www.reuters.com
-11.059313,3.3585804,https://www.reuters.com/world/europe/french-mp-brings-parliament-halt-by-yelling-go-back-africa-black-mp-2022-11-03/,www.reuters.com
-12.686583,-4.292182,https://www.reuters.com/world/us-targets-oil-smuggling-network-supporting-irans-quds-force-new-sanctions-2022-11-03/,www.reuters.com
-3.7958047,-2.6099339,https://www.reuters.com/article/factcheck-elon-birdwatch-idUSL1N31Z2VG,www.reuters.com
-11.030601,-8.991006,https://www.reuters.com/world/iran-could-supply-russia-with-ballistic-missiles-nato-chief-says-2022-11-03/,www.reuters.com
4.9083233,-10.599848,https://www.reuters.com/business/energy/oil-producer-eogs-quarterly-profit-surges-energy-price-boost-2022-11-03/,www.reuters.com
-8.6215105,-8.34588,https://www.reuters.com/world/europe/g7-discuss-ukraine-support-after-attacks-energy-infrastructure-2022-11-03/,www.reuters.com
-2.1311295,-8.555662,https://www.reuters.com/video/watch/idRW661003112022RP1,www.reuters.com
15.239207,5.1226945,https://www.reuters.com/world/middle-east/moodys-upgrades-qatar-outlook-higher-energy-prices-2022-11-03/,www.reuters.com
4.829937,-3.2049246,https://www.reuters.com/business/cop/eu-seeks-better-alignment-with-global-sustainability-rules-2022-11-03/,www.reuters.com
-15.243335,-1.669712,https://www.reuters.com/world/middle-east/britain-has-no-plans-move-its-israel-embassy-uk-pms-office-2022-11-03/,www.reuters.com
-9.345419,-7.818258,https://www.reuters.com/world/europe/amid-war-ukrainian-parliament-approves-2023-state-budget-2022-11-03/,www.reuters.com
-9.477401,1.3787524,https://www.reuters.com/world/middle-east/many-young-iranians-lose-their-fear-struggle-freedom-2022-11-03/,www.reuters.com
-10.831609,-8.048656,https://www.reuters.com/world/japan-germany-eye-military-logistics-pact-japan-official-2022-11-03/,www.reuters.com
-16.67247,3.034776,https://www.reuters.com/video/watch/idRW657503112022RP1,www.reuters.com
12.224268,-3.6776962,https://www.reuters.com/markets/commodities/higher-production-helps-anglogold-ashanti-fight-inflation-2022-11-03/,www.reuters.com
-14.584371,3.6311207,https://www.reuters.com/legal/republican-door-knockers-intimidate-voters-while-hunting-voter-fraud-say-2022-11-03/,www.reuters.com
-8.230168,-8.088514,https://www.reuters.com/world/europe/ukraine-war-geopolitics-fuelling-cybersecurity-attacks-eu-agency-2022-11-03/,www.reuters.com
12.225852,-11.019511,https://www.reuters.com/business/indias-schneider-electric-infrastructure-posts-second-quarter-profit-2022-11-03/,www.reuters.com
12.463345,-9.55691,https://www.reuters.com/business/media-telecom/indias-vodafone-idea-q2-loss-widens-higher-expenses-subscriber-loss-2022-11-03/,www.reuters.com
1.3079855,-11.973176,https://www.reuters.com/business/energy/race-ship-clean-canadian-hydrogen-europe-navigates-choppy-water-2022-11-03/,www.reuters.com
2.5263085,-9.11951,https://www.reuters.com/markets/us/us-natgas-falls-5-big-storage-build-lower-demand-forecast-2022-11-03/,www.reuters.com
-10.615894,-5.9671474,https://www.reuters.com/world/g20-host-indonesia-waiting-see-if-putin-will-attend-summit-2022-11-03/,www.reuters.com
-10.5508995,15.401296,https://www.reuters.com/lifestyle/sports/jabeur-battles-back-beat-pegula-wta-finals-2022-11-03/,www.reuters.com
15.827884,-3.1177108,https://www.reuters.com/markets/europe/irish-services-sector-growth-slows-oct-outlook-brighter-pmi-2022-11-03/,www.reuters.com
-9.64088,17.25172,https://www.reuters.com/lifestyle/sports/messi-world-cup-mission-last-dance-argentina-2022-11-03/,www.reuters.com
16.813993,-3.6234643,https://www.reuters.com/markets/europe/russia-services-sector-shrinks-oct-employment-falls-pmi-2022-11-03/,www.reuters.com
-13.501206,11.88306,https://www.reuters.com/business/cop/parisian-undertaker-aims-introduce-bicycle-hearse-france-2022-11-03/,www.reuters.com
10.749011,-2.9676905,https://www.reuters.com/technology/wall-street-sees-little-respite-qualcomms-smartphone-gloom-2022-11-03/,www.reuters.com
16.2999,2.8161256,https://www.reuters.com/business/finance/ings-polish-unit-says-payment-holidays-not-affecting-risk-costs-2022-11-03/,www.reuters.com
-8.612119,-2.3087568,https://www.reuters.com/article/south-sudan-food-idUSKBN2RT0SR,www.reuters.com
7.319789,-6.0442696,https://www.reuters.com/markets/deals/adler-aims-sell-part-brack-capital-properties-handelsblatt-2022-11-03/,www.reuters.com
-7.8687434,-12.244431,https://www.reuters.com/world/europe/swiss-government-rejects-german-request-re-export-swiss-ammunition-ukraine-2022-11-03/,www.reuters.com
9.445454,-15.436664,https://www.reuters.com/legal/litigation/mckesson-pay-shareholders-141-mln-generic-drug-pricing-lawsuit-2022-11-03/,www.reuters.com
-9.990367,11.101932,https://www.reuters.com/lifestyle/sports/raducanu-would-benefit-sports-psychotherapist-says-king-2022-11-03/,www.reuters.com
8.115598,-5.2662706,https://www.reuters.com/business/retail-consumer/inter-ikea-posts-45-profit-fall-costs-russia-2022-11-03/,www.reuters.com
-10.342099,-8.988628,https://www.reuters.com/world/europe/putin-orders-one-time-3200-payment-mobilised-contract-soldiers-2022-11-03/,www.reuters.com
-12.836215,2.5955505,https://www.reuters.com/article/factcheck-samesex-parents-idUSL1N31Z2TZ,www.reuters.com
9.95922,-11.675907,https://www.reuters.com/business/autos-transportation/nissan-stops-taking-orders-sakura-ev-x-trail-japan-2022-11-03/,www.reuters.com
-6.6175165,-9.566079,https://www.reuters.com/world/europe/iaea-says-no-sign-dirty-bomb-work-sites-inspected-ukraine-2022-11-03/,www.reuters.com
0.7789544,-14.176428,https://www.reuters.com/world/india/india-unlikely-offer-tax-sops-first-sovereign-green-bond-issue-source-2022-11-03/,www.reuters.com
6.433042,-16.482153,https://www.reuters.com/world/us/valero-says-no-injuries-corpus-christi-refinery-fire-2022-11-03/,www.reuters.com
-10.11042,10.489851,https://www.reuters.com/legal/government/us-justice-dept-must-face-psychiatrists-bias-lawsuit-over-fitness-test-2022-11-03/,www.reuters.com
-5.440193,1.3010356,https://www.reuters.com/article/southkorea-stampede-chronology-idUSKBN2RT1D5,www.reuters.com
12.468462,-0.045246918,https://www.reuters.com/markets/europe/whats-behind-hong-kongs-tightening-cash-conditions-2022-11-03/,www.reuters.com
10.354834,5.922371,https://www.reuters.com/markets/europe/bank-england-makes-historic-rate-hike-despite-very-challenging-outlook-2022-11-03/,www.reuters.com
8.019628,-3.6289117,https://www.reuters.com/legal/litigation/shorthanded-nyc-agencies-borrow-lawyers-major-law-firms-2022-11-03/,www.reuters.com
4.9556594,-2.7851129,https://www.reuters.com/business/uk-watchdog-tells-companies-reveal-more-about-meeting-shareholders-2022-11-03/,www.reuters.com
-5.367844,-2.2767627,https://www.reuters.com/article/factcheck-elon-fire-idUSL1N31Z2V2,www.reuters.com
-2.7393565,17.782362,https://www.reuters.com/lifestyle/sports/finch-70-30-play-australias-world-cup-crunch-match-2022-11-03/,www.reuters.com
-3.2824159,-3.13118,https://www.reuters.com/technology/advertisers-react-twitters-new-ownership-2022-11-03/,www.reuters.com
-13.2085085,-1.5623984,https://www.reuters.com/legal/legalindustry/washington-high-court-says-convicted-sex-offender-can-practice-law-2022-11-03/,www.reuters.com
4.0872912,-2.3657608,https://www.reuters.com/world/uk/uk-court-approves-935-mln-pounds-confiscation-order-against-glencores-unit-2022-11-03/,www.reuters.com
-12.313658,-2.5239131,https://www.reuters.com/legal/us-supreme-courts-sotomayor-wont-block-extradition-linked-s-korea-ferry-sinking-2022-11-03/,www.reuters.com
-6.557961,13.431039,https://www.reuters.com/lifestyle/sports/englands-mead-disappointed-world-cup-taking-place-qatar-2022-11-03/,www.reuters.com
-10.058206,-1.7637527,https://www.reuters.com/world/africa/survivors-ethiopias-tigray-war-truce-brings-cautious-hope-2022-11-03/,www.reuters.com
3.389084,-12.316671,https://www.reuters.com/business/energy/greece-tax-power-firms-windfall-profits-higher-gas-prices-2022-11-03/,www.reuters.com
8.862615,-11.122455,https://www.reuters.com/technology/ai-chip-startup-simaai-launches-auto-business-with-former-bosch-mercedes-2022-11-03/,www.reuters.com
9.646139,-6.268469,https://www.reuters.com/business/finance/sun-life-sees-growth-benefits-business-shares-up-earnings-beat-2022-11-03/,www.reuters.com
14.2380495,-2.4874904,https://www.reuters.com/world/asia-pacific/strong-exports-likely-boosted-indonesias-economy-q3-2022-11-03/,www.reuters.com
13.48493,-12.017486,https://www.reuters.com/world/india/indias-hero-motocorp-misses-q2-profit-estimates-sales-dip-2022-11-03/,www.reuters.com
5.026843,-4.909296,https://www.reuters.com/technology/exclusive-airbnb-provide-guest-data-under-draft-eu-plan-sources-2022-11-03/,www.reuters.com
7.564828,-11.982731,https://www.reuters.com/markets/commodities/lithium-americas-spin-off-into-two-companies-2022-11-03/,www.reuters.com
13.792888,-10.617779,https://www.reuters.com/business/indias-adani-enterprises-q2-profit-more-than-doubles-2022-11-03/,www.reuters.com
-14.107866,-9.170166,https://www.reuters.com/world/asia-pacific/south-korea-not-considering-redeploying-tactical-nuclear-weapons-defense-2022-11-03/,www.reuters.com
7.993949,-7.5247436,https://www.reuters.com/business/aerospace-defense/italys-leonardo-raises-fy-orders-guidance-after-strong-nine-months-2022-11-03/,www.reuters.com
9.712245,-7.2185516,https://www.reuters.com/technology/latams-mercadolibres-net-profit-rises-36-fueled-by-fintech-2022-11-03/,www.reuters.com
10.4610195,-6.6481266,https://www.reuters.com/technology/doordash-revenue-beats-estimates-appetite-food-delivery-holds-up-2022-11-03/,www.reuters.com
7.4840436,-8.793415,https://www.reuters.com/business/energy/covestro-warns-dividend-ban-gas-price-cap-mechanism-2022-11-03/,www.reuters.com
3.6757789,-5.2047853,https://www.reuters.com/business/evergrande-chairmans-hong-kong-mansion-seized-by-bank-media-report-2022-11-03/,www.reuters.com
-0.23085137,2.7254152,https://www.reuters.com/markets/canada-cuts-202223-deficit-forecasts-pledges-targeted-new-spending-2022-11-03/,www.reuters.com
7.0942144,-7.7295165,https://www.reuters.com/markets/europe/euronext-italian-arm-become-group-wide-clearer-end-2023-2022-11-03/,www.reuters.com
16.00082,-6.3910933,https://www.reuters.com/world/asia-pacific/macaus-mgm-cotai-casino-reopens-after-tests-show-clear-covid-2022-11-03/,www.reuters.com
-12.72191,8.166489,https://www.reuters.com/world/africa/abducted-paramedics-driver-patient-freed-kenya-2022-11-03/,www.reuters.com
16.846937,-6.8865514,https://www.reuters.com/business/retail-consumer/melia-hotels-profit-soars-tourism-recovery-higher-room-rates-2022-11-03/,www.reuters.com
12.574588,-5.421091,https://www.reuters.com/technology/chinas-lenovo-posts-first-revenue-decline-10-quarters-market-hits-brakes-2022-11-03/,www.reuters.com
8.167152,-15.120613,https://www.reuters.com/legal/litigation/corona-seltzer-maker-must-face-ab-inbev-trademark-lawsuit-2022-11-03/,www.reuters.com
-5.0232663,-8.069317,https://www.reuters.com/technology/ukraine-trusts-musks-starlink-looking-other-providers-too-2022-11-03/,www.reuters.com
5.498028,-7.8563285,https://www.reuters.com/business/aerospace-defense/wall-street-doubts-if-boeing-can-hit-ambitious-2025-targets-2022-11-03/,www.reuters.com
9.274242,-6.145975,https://www.reuters.com/business/adecco-reports-q3-line-with-forecasts-2022-11-03/,www.reuters.com
11.082749,-5.536395,https://www.reuters.com/business/media-telecom/warner-bros-discovery-quarterly-revenue-falls-2022-11-03/,www.reuters.com
9.744393,-8.263216,https://www.reuters.com/markets/us/weaker-gold-production-dents-barrick-profit-2022-11-03/,www.reuters.com
11.765622,-12.072251,https://www.reuters.com/markets/deals/gic-esr-set-up-600-mln-india-jv-buy-industrial-logistics-assets-2022-11-03/,www.reuters.com
13.015013,-10.940516,https://www.reuters.com/business/retail-consumer/indias-blue-star-beats-q2-profit-estimates-infra-projects-pick-up-2022-11-03/,www.reuters.com
11.283932,-13.335169,https://www.reuters.com/business/energy/kuwaits-kufpec-offers-lng-cargo-australias-wheatstone-plant-sources-2022-11-03/,www.reuters.com
-1.9356176,15.903134,https://www.reuters.com/lifestyle/sports/all-blacks-revert-strong-lineup-cardiff-test-2022-11-03/,www.reuters.com
7.346322,-11.906846,https://www.reuters.com/markets/europe/solvay-raises-cash-flow-target-announces-battery-materials-jv-with-orbia-2022-11-03/,www.reuters.com
13.332884,-10.742814,https://www.reuters.com/business/retail-consumer/indias-raymond-profit-triples-strong-demand-office-festive-wear-2022-11-03/,www.reuters.com
4.4862676,-13.012592,https://www.reuters.com/business/sustainable-business/runwise-raises-19-mln-improve-buildings-energy-efficiency-2022-11-03/,www.reuters.com
12.774594,-8.079007,https://www.reuters.com/business/aerospace-defense/airline-flyr-raise-51-mln-amid-financial-strain-2022-11-03/,www.reuters.com
8.781803,-4.393626,https://www.reuters.com/technology/lyft-lay-off-683-employees-cost-cutting-push-2022-11-03/,www.reuters.com
4.60247,-15.508821,https://www.reuters.com/business/energy/us-agency-finds-smaller-oil-refiners-pay-more-biofuel-blending-credits-document-2022-11-03/,www.reuters.com
7.1877823,-2.4235444,https://www.reuters.com/business/retail-consumer/uks-sainsburys-sticks-with-outlook-despite-first-half-profit-fall-2022-11-03/,www.reuters.com
12.86511,-12.509586,https://www.reuters.com/business/finance/indias-top-mortgage-lender-hdfc-reports-18-rise-q2-profit-2022-11-03/,www.reuters.com
-4.4255633,-11.605999,https://www.reuters.com/business/energy/french-energy-minister-says-fuel-supply-crisis-over-2022-11-03/,www.reuters.com
14.316193,-10.646889,https://www.reuters.com/business/indias-indigo-paints-q2-profit-more-than-doubles-2022-11-03/,www.reuters.com
10.317429,-10.757253,https://www.reuters.com/business/autos-transportation/ev-maker-nikola-beats-revenue-estimates-higher-semi-truck-deliveries-2022-11-03/,www.reuters.com
15.981541,-6.3689294,https://www.reuters.com/business/retail-consumer/marriot-shares-slide-delayed-opening-some-properties-china-2022-11-03/,www.reuters.com
8.863699,-12.451829,https://www.reuters.com/business/autos-transportation/teslas-california-ev-market-share-slips-rivals-step-up-2022-11-03/,www.reuters.com
-6.6066294,-9.532925,https://www.reuters.com/article/ukraine-crisis-iaea-idUSKBN2RT1B2,www.reuters.com
5.7009788,-12.532972,https://www.reuters.com/business/sustainable-business/evonik-taps-into-enbw-wind-park-industrys-clean-energy-push-2022-11-03/,www.reuters.com
11.302251,-8.188715,https://www.reuters.com/business/aerospace-defense/air-lease-revenue-rises-strong-demand-jets-2022-11-03/,www.reuters.com
8.963302,-9.741262,https://www.reuters.com/markets/deals/american-axle-attracts-interest-potential-suitors-bloomberg-news-2022-11-03/,www.reuters.com
10.031769,-4.6459746,https://www.reuters.com/business/retail-consumer/kellogg-raises-full-year-revenue-forecast-2022-11-03/,www.reuters.com
11.826896,-8.923614,https://www.reuters.com/business/media-telecom/mobile-provider-veon-revenue-rises-36-q3-2022-11-03/,www.reuters.com
4.989162,-10.623565,https://www.reuters.com/business/energy/canadian-natural-resources-quarterly-profit-rises-2022-11-03/,www.reuters.com
-4.567303,-11.608335,https://www.reuters.com/business/energy/frances-edf-lowers-2022-nuclear-output-target-275-285-twh-2022-11-03/,www.reuters.com
1.9942011,-9.663184,https://www.reuters.com/business/energy/north-asia-gears-up-peak-winter-energy-demand-season-2022-11-03/,www.reuters.com
5.901952,-13.7668,https://www.reuters.com/business/sustainable-business/maersk-agrees-project-with-spain-make-e-methanol-its-fleet-2022-11-03/,www.reuters.com
13.146779,-6.262136,https://www.reuters.com/business/retail-consumer/zalando-sees-fy-results-lower-end-target-range-2022-11-03/,www.reuters.com
14.83593,-12.410579,https://www.reuters.com/world/india/indias-october-iron-ore-exports-nearly-zero-mining-body-official-2022-11-03/,www.reuters.com
7.268707,-13.901322,https://www.reuters.com/markets/us/carlyle-backs-solar-developer-aspen-power-with-350-mln-investment-2022-11-03/,www.reuters.com
11.340713,-7.024637,https://www.reuters.com/business/royal-caribbean-beats-quarterly-revenue-estimates-2022-11-03/,www.reuters.com
7.0953765,-2.3551636,https://www.reuters.com/world/uk/dont-panic-weve-ordered-more-turkeys-this-year-sainsburys-2022-11-03/,www.reuters.com
11.720724,-7.2984524,https://www.reuters.com/technology/paypal-third-quarter-revenue-jumps-online-shopping-picks-up-pace-2022-11-03/,www.reuters.com
-7.4446855,-3.8500278,https://www.reuters.com/world/europe/berlin-urges-german-nationals-leave-iran-or-risk-arrest-2022-11-03/,www.reuters.com
-16.696056,3.1192272,https://www.reuters.com/video/watch/idRW657903112022RP1,www.reuters.com
6.7916837,-16.978857,https://www.reuters.com/business/autos-transportation/stellantis-says-three-us-takata-crash-deaths-reported-2022-11-03/,www.reuters.com
1.4186171,-8.374727,https://www.reuters.com/world/china/southern-china-risk-winter-drought-drop-hydropower-2022-11-03/,www.reuters.com
2.1311274,-9.613744,https://www.reuters.com/business/energy/north-asia-ramps-up-stockpiling-winter-cut-costly-spot-lng-buys-2022-11-03/,www.reuters.com
-4.1944923,-5.4800925,https://www.reuters.com/technology/zoom-down-thousands-users-downdetectorcom-2022-11-03/,www.reuters.com
10.601324,-9.250428,https://www.reuters.com/business/healthcare-pharmaceuticals/amgen-posts-higher-third-quarter-revenue-profit-2022-11-03/,www.reuters.com
8.521623,-8.818493,https://www.reuters.com/markets/europe/industrial-group-oc-oerlikon-cuts-margin-guidance-market-volatility-2022-11-03/,www.reuters.com
11.164016,-16.041626,https://www.reuters.com/legal/vonage-agrees-pay-100-million-settle-us-ftc-lawsuit-2022-11-03/,www.reuters.com
12.073969,-2.882114,https://www.reuters.com/technology/coinbase-reports-third-quarter-loss-volumes-drop-2022-11-03/,www.reuters.com
-1.2629764,-14.552247,https://www.reuters.com/business/aerospace-defense/us-encourages-airlines-equip-florida-bound-planes-over-water-routes-2022-11-03/,www.reuters.com
-0.68485105,4.9961014,https://seths.blog/2022/11/fair-and-square/,seths.blog
1.396203,-1.3799262,https://www.androidcentral.com/accessories/audio/fiio-btr5-2021-review,www.androidcentral.com
0.025457097,-2.2016168,https://www.androidcentral.com/wearables/coros-apex-2-review,www.androidcentral.com
-1.45921,-7.4653735,https://www.androidcentral.com/apps-software/google-play-games-beta-pc-us-expansion,www.androidcentral.com
-0.062171284,-2.820652,https://www.androidcentral.com/wearables/can-you-use-google-asssitant-fitbit-sense-2,www.androidcentral.com
-1.7760442,-5.9780564,https://www.androidcentral.com/gaming/android-games/genshin-impact-update-32,www.androidcentral.com
1.5560614,1.5439596,https://www.androidcentral.com/chromebooks-laptops/steam-beta-chromeos-108,www.androidcentral.com
-0.5048206,-0.59012765,https://www.androidcentral.com/phones/samsung-galaxy-s23-ultra-camera-plus-soc-specs-leak,www.androidcentral.com
1.7382913,0.31804308,https://www.androidcentral.com/accessories/this-65w-gan-charger-doubles-up-as-a-portable-dock-for-your-steam-deck-or-nintendo-switch,www.androidcentral.com
-1.3829777,-3.8845532,https://www.androidcentral.com/apps-software/gmail-makes-it-easier-to-track-your-package,www.androidcentral.com
-0.604351,-0.7120883,https://www.androidcentral.com/phones/samsung-galaxy-s10-lite-is-getting-android-13,www.androidcentral.com
5.0458508,13.233237,https://www.androidcentral.com/gaming/virtual-reality/iron-man-vr-review-for-quest-this-is-what-it-feels-like-to-be-a-super-hero,www.androidcentral.com
3.6092076,1.9416639,https://www.androidcentral.com/streaming-tv/netflix-basic-with-ads-launch,www.androidcentral.com
-0.21988678,-2.7321079,https://www.androidcentral.com/wearables/how-to-track-sleep-google-pixel-watch,www.androidcentral.com
-1.9434202,-1.2115234,https://www.androidcentral.com/apps-software/whatsapp-communities-rollout,www.androidcentral.com
2.0919712,4.234699,https://www.androidcentral.com/news/live/black-friday-amazon-deals-11322,www.androidcentral.com
-1.4963746,-2.3255067,https://www.androidcentral.com/apps-software/how-to-add-profile-icons-with-guest-profiles-in-android-13,www.androidcentral.com
4.9686174,14.669502,https://www.androidcentral.com/gaming/playstation/god-of-war-ragnarok-review,www.androidcentral.com
-1.4897264,-8.449476,https://www.androidcentral.com/apps-software/google-ai-1000-languages-flood-warnings,www.androidcentral.com
-4.391324,-5.81407,https://www.androidcentral.com/apps-software/how-to-set-up-and-run-a-proxy-signal-server,www.androidcentral.com
0.8287342,-4.7876706,https://www.androidcentral.com/accessories/smart-home/matter-product-launch,www.androidcentral.com
-1.5282452,9.001575,https://www.theguardian.com/environment/2022/nov/03/the-many-meanings-of-moss,www.theguardian.com
-4.735461,21.186274,https://www.theguardian.com/football/2022/nov/03/the-fiver-big-cup-last-16,www.theguardian.com
-1.9757826,-18.089722,https://www.theguardian.com/books/2022/nov/03/song-of-the-cell-by-siddhartha-mukherjee-review-the-little-lives-within-us,www.theguardian.com
1.6827998,12.7512455,https://www.theguardian.com/music/2022/nov/03/davis-x-the-life-and-times-of-malcolm-x-review-gil-rose-davone-tines,www.theguardian.com
-2.1671953,9.663007,https://www.theguardian.com/lifeandstyle/2022/nov/03/foraging-and-walking-on-the-way-to-the-sportsman-pub-in-seasalter,www.theguardian.com
0.8675746,7.09493,https://www.theguardian.com/commentisfree/2022/nov/03/bounty-bar-haters-mars-celebrations,www.theguardian.com
-7.7855697,5.838191,https://www.theguardian.com/commentisfree/2022/nov/03/solve-immigrant-crisis-work-visas-populist-politics,www.theguardian.com
-6.0310874,5.58734,https://www.theguardian.com/lifeandstyle/2022/nov/03/dining-across-the-divide-governed-by-crazy-people,www.theguardian.com
11.861945,5.1921754,https://www.theguardian.com/business/2022/nov/03/how-will-the-uk-interest-rate-hike-affect-you,www.theguardian.com
-10.334641,8.037977,https://www.theguardian.com/commentisfree/2022/nov/03/the-guardian-view-on-policing-another-damning-verdict,www.theguardian.com
-11.313876,8.046725,https://www.theguardian.com/tv-and-radio/2022/nov/03/hear-here-pig-iron-christopher-allen-podcast,www.theguardian.com
0.84167165,7.128839,https://www.theguardian.com/business/2022/nov/03/mutiny-on-the-bounty-new-celebrations-boxes-exile-divisive-sweet,www.theguardian.com
3.5380845,10.170711,https://www.theguardian.com/film/2022/nov/03/the-bodyguard-review-whitney-houston-showstopper-as-resplendent-as-ever,www.theguardian.com
1.7982286,13.1522,https://www.theguardian.com/stage/2022/nov/03/birmingham-royal-ballet-into-the-music-review-sadlers-wells-london,www.theguardian.com
-1.3638353,-10.367206,https://www.theguardian.com/environment/video/2022/nov/03/cop27-the-climate-carnage-weve-faced-this-year-video,www.theguardian.com
8.29935,5.198158,https://www.theguardian.com/business/nils-pratley-on-finance/2022/nov/03/bt-inflation-job-cuts-energy-bills,www.theguardian.com
5.2553244,12.337939,https://www.theguardian.com/stage/2022/nov/03/sherlock-holmes-the-valley-of-fear-review-an-elegant-last-adventure,www.theguardian.com
-10.884281,7.9782414,https://www.theguardian.com/film/2022/nov/03/lyra-mckee-murdered-journalist-documentary-alison-millar-riot-derry,www.theguardian.com
-5.664641,22.308159,https://www.theguardian.com/football/blog/2022/nov/03/roberto-de-zerbi-brighton-premier-league-risks-brave-tactics,www.theguardian.com
-7.5680847,5.155089,https://www.theguardian.com/commentisfree/2022/nov/03/kent-migrant-crisis-migrants,www.theguardian.com
-7.319178,0.6152453,https://www.theguardian.com/commentisfree/2022/nov/03/the-guardian-view-on-olaf-scholzs-visit-to-beijing-treading-a-fine-line,www.theguardian.com
-7.2333727,5.3392386,https://www.theguardian.com/politics/2022/nov/03/rishi-sunak-in-no-10-puts-britains-racial-progress-in-the-spotlight,www.theguardian.com
3.3748589,10.699701,https://www.theguardian.com/film/2022/nov/03/weird-the-al-yankovic-story-review-daniel-radcliffe-biopic-packed-with-wacky-walk-ons,www.theguardian.com
-6.2510185,4.8083577,https://www.theguardian.com/commentisfree/2022/nov/03/world-leaders-cop27-egypt-demand-release-alaa-abd-el-fattah,www.theguardian.com
-1.8404624,12.5979595,https://www.theguardian.com/sport/2022/nov/03/flightline-a-horse-for-the-ages-faces-his-date-with-destiny-at-the-breeders-cup-horse-racing,www.theguardian.com
6.14984,0.596577,https://www.theguardian.com/politics/2022/nov/03/non-dom-tax-breaks-being-reviewed-by-the-treasury-in-effort-to-raise-revenue,www.theguardian.com
-15.772343,-0.33673808,https://www.theguardian.com/commentisfree/2022/nov/03/palestinians-netanyahu-victory-israel-election-results,www.theguardian.com
1.5450263,9.298684,https://www.theguardian.com/tv-and-radio/2022/nov/03/the-horne-section-tv-show-review-this-riotously-fun-sitcom-is-an-utter-delight,www.theguardian.com
-3.7712848,-1.7015362,https://www.theguardian.com/technology/2022/nov/03/he-is-poised-to-open-the-floodgates-can-twitter-survive-elon-musk-or-even-thrive,www.theguardian.com
2.90167,11.611919,https://www.theguardian.com/film/2022/nov/03/danny-boyle-i-am-not-sure-the-british-are-great-film-makers,www.theguardian.com
0.36600092,11.765687,https://www.theguardian.com/stage/2022/nov/03/fishermans-friends-the-musical-review-theatre-royal-bath,www.theguardian.com
-3.3472114,12.792905,https://www.theguardian.com/lifeandstyle/2022/nov/03/the-guardian-thursday-quiz-general-knowledge-topical-news-trivia-80,www.theguardian.com
-9.025784,3.3032703,https://www.theguardian.com/global-development/2022/nov/03/jamila-afghani-taliban-education-aurora-prize-women-afghanistan,www.theguardian.com
-13.799993,5.271365,https://www.theguardian.com/commentisfree/2022/nov/03/lab-leak-theory-report-propublica-vanity-fair-is-it-reliable,www.theguardian.com
-2.0171683,9.642258,https://www.theguardian.com/lifeandstyle/2022/nov/03/floella-benjamin-follows-trail-to-waterfall-in-ambleside-cumbria,www.theguardian.com
-8.512544,6.6330323,https://www.theguardian.com/books/2022/nov/03/show-me-the-bodies-how-we-let-grenfell-happen-by-peter-apps-review-a-devastating-account-of-failure,www.theguardian.com
-17.552055,2.0118325,https://www.theguardian.com/commentisfree/2022/nov/03/us-brazil-relations-americas-lula-election-victory,www.theguardian.com
0.24267001,11.916403,https://www.theguardian.com/music/2022/nov/03/nobody-will-do-anything-for-us-well-do-it-ourselves-newcastles-wild-diy-music-scene-thrives-against-the-odds,www.theguardian.com
-9.652731,2.5295804,https://www.theguardian.com/world/2022/nov/03/imran-khan-shooting-latest-incident-pakistan-violent-political-history,www.theguardian.com
-7.478444,-7.4935856,https://www.theguardian.com/world/2022/nov/03/a-joke-that-went-out-of-control-crowdfunding-weapons-for-ukraines-war,www.theguardian.com
-3.3622222,-14.342376,https://www.theguardian.com/commentisfree/2022/nov/03/fossil-fuel-burning-mass-extinction-devonian-coastline,www.theguardian.com
-5.871604,9.500024,https://www.theguardian.com/football/2022/nov/03/world-cup-2022-team-guide-netherlands,www.theguardian.com
-1.7902912,14.084066,https://www.theguardian.com/sport/2022/nov/03/england-zoe-aldcroft-ready-for-semi-final-battle-canada-womens-rugby-world-cup,www.theguardian.com
3.1407669,9.050313,https://www.theguardian.com/tv-and-radio/2022/nov/03/blockbuster-review-netflix-sitcom-last-store-rental-film-market,www.theguardian.com
-10.971437,-10.424188,https://www.theguardian.com/world/2022/nov/03/russian-ambassador-claims-uk-involved-in-ukraine-drone-attack-on-black-sea-fleet,www.theguardian.com
-8.741806,16.527954,https://www.theguardian.com/football/2022/nov/03/world-cup-2022-team-guide-ecuador,www.theguardian.com
3.6837137,-9.553508,https://www.theguardian.com/business/2022/nov/03/diesel-prices-uk-motorists-rac-litre,www.theguardian.com
-2.4788868,4.451163,https://www.theguardian.com/politics/2022/nov/03/labour-mps-press-keir-starmer-to-set-out-wealth-tax-plans,www.theguardian.com
-5.0167947,6.3419623,https://www.theguardian.com/commentisfree/2022/nov/03/lefties-civil-suella-braverman-woke-army-free-speech,www.theguardian.com
1.2674716,20.486454,https://www.theguardian.com/sport/2022/nov/02/world-series-no-hitter-astros-phillies-game-4-report,www.theguardian.com
2.397928,-14.891354,https://www.theguardian.com/environment/2022/nov/03/greenwash-home-compostable-plastics-dont-work-aoe,www.theguardian.com
-5.6395154,8.534749,https://www.theguardian.com/uk-news/gallery/2022/nov/03/freedom-forum-and-northern-lights-thursdays-best-photos,www.theguardian.com
10.702827,5.086833,https://www.theguardian.com/business/2022/nov/03/interest-rates-likely-to-jump-as-markets-await-bank-of-england-decision,www.theguardian.com
11.170443,5.788637,https://www.theguardian.com/business/2022/nov/03/bank-england-warn-uk-economy-longest-recession-100-year-raise-rate-three-percent,www.theguardian.com
-8.793508,-9.406113,https://www.theguardian.com/world/2022/nov/03/zelenskiy-and-ukraines-allies-label-putins-u-turn-on-grain-deal-a-humiliating-defeat,www.theguardian.com
-9.468299,9.364741,https://www.theguardian.com/society/2022/nov/03/ministers-may-order-inquiry-or-review-over-mental-health-care-failings-england,www.theguardian.com
3.8430002,10.080892,https://www.theguardian.com/film/2022/nov/03/selena-gomez-my-mind-me-review-a-fascinating-and-frustrating-pop-doc,www.theguardian.com
3.7305505,-10.681046,https://www.theguardian.com/business/2022/nov/03/uk-largest-oil-and-gas-producer-warns-against-tougher-windfall-tax-harbour-energy,www.theguardian.com
-4.540036,22.275593,https://www.theguardian.com/football/live/2022/nov/03/arsenal-v-fc-zurich-europa-league-live,www.theguardian.com
-7.3361793,3.2458398,https://www.theguardian.com/global-development/2022/nov/03/aid-organisations-ethiopia-horn-of-africa-cash-money-drought,www.theguardian.com
-4.952107,13.152036,https://www.theguardian.com/football/2022/nov/03/merky-fc-stormzy-launches-new-initiative-to-boost-diversity-in-football,www.theguardian.com
-12.521036,1.5467687,https://www.theguardian.com/education/2022/nov/03/nus-president-shaima-dallali-plans-to-fight-dismissal-over-antisemitism-claims,www.theguardian.com
4.9657564,14.750936,https://www.theguardian.com/games/2022/nov/03/god-of-war-ragnarok-review-walk-among-gods-in-a-mythological-epic,www.theguardian.com
-6.493552,7.084921,https://www.theguardian.com/books/2022/nov/03/parliamentary-report-calls-for-government-to-support-and-modernise-libraries,www.theguardian.com
-5.6631994,20.504927,https://www.theguardian.com/football/2022/nov/03/diego-rico-brotherly-inspiration-real-sociedad-manchester-united-europa-league,www.theguardian.com
-1.693861,14.0703535,https://www.theguardian.com/sport/2022/nov/03/row-over-max-verstappens-f1-cost-cap-championship-rumbles-on,www.theguardian.com
-1.0198075,6.9122705,https://www.theguardian.com/business/commentisfree/2022/nov/03/supermarket-loyalty-points,www.theguardian.com
1.6059172,12.627504,https://www.theguardian.com/music/2022/nov/03/conductor-daniel-harding-air-france-pilot,www.theguardian.com
-2.328982,16.748352,https://www.theguardian.com/sport/2022/nov/03/chris-woakes-notices-jos-buttler-captaincy-england-t20world-cup-cricket,www.theguardian.com
-3.9799101,-1.8654407,https://www.theguardian.com/news/audio/2022/nov/03/can-twitter-survive-elon-musk-podcast,www.theguardian.com
-1.9813793,10.815926,https://www.theguardian.com/environment/2022/nov/03/national-trust-to-plant-1200-hectares-of-flower-filled-grassland-in-devon,www.theguardian.com
9.955206,5.177331,https://www.theguardian.com/business/2022/nov/03/bank-of-england-raises-interest-rates-to-3-percent,www.theguardian.com
-5.801806,22.556913,https://www.theguardian.com/football/2022/nov/03/hull-confirm-liam-rosenior-as-head-coach-on-contract-to-2025,www.theguardian.com
-13.761,9.313183,https://www.theguardian.com/world/2022/nov/03/paraguay-massacre-exhumation-caaguazu-dictatorship,www.theguardian.com
-15.27061,0.30159724,https://www.theguardian.com/sport/2022/nov/03/kyrie-irving-admits-link-to-antisemitic-work-had-negative-impact-on-jews,www.theguardian.com
3.3835964,14.018606,https://www.theguardian.com/stage/2022/nov/03/beautiful-evil-things-review-north-wall-arts-centre-oxford,www.theguardian.com
-10.353405,-3.5777562,https://www.theguardian.com/world/2022/nov/03/myanmar-could-face-aid-catastrophe-experts-warn-after-junta-law-change,www.theguardian.com
-8.257096,2.0472252,https://www.theguardian.com/world/2022/nov/03/hong-kong-exiles-in-uk-unnerved-by-weak-response-to-beating-of-protester,www.theguardian.com
-6.6113305,15.120575,https://www.theguardian.com/football/2022/nov/03/we-are-halland-erling-haaland-success-a-nuisance-for-swedish-county,www.theguardian.com
16.938656,-9.533745,https://www.theguardian.com/business/2022/nov/03/richard-branson-will-stop-turning-girls-upside-down-on-virgin-atlantic-planes,www.theguardian.com
-10.17073,6.356015,https://www.theguardian.com/media/2022/nov/03/bbc-presenter-martine-croxall-breached-impartiality-gleeful-boris-johnson,www.theguardian.com
3.6949253,11.180245,https://www.theguardian.com/film/2022/nov/03/nil-by-mouth-review-gary-oldmans-overwhelming-study-of-family-violence,www.theguardian.com
-17.367994,3.761646,https://www.theguardian.com/us-news/live/2022/nov/03/midterms-2022-biden-speech-trump-election-politics-latest,www.theguardian.com
-9.9110155,-10.013779,https://www.theguardian.com/world/2022/nov/03/kherson-captured-city-resident-defy-russian-call-evacuate-await-liberation,www.theguardian.com
-1.2215602,10.470569,https://www.theguardian.com/environment/2022/nov/03/lost-and-found-lateleaf-oak-quercus-tardifolia-aoe,www.theguardian.com
-2.6296089,17.607893,https://www.theguardian.com/sport/2022/nov/03/australia-wary-of-pushing-too-hard-in-crucial-bid-to-improve-t20-world-cup-run-rate,www.theguardian.com
1.1146832,8.508808,https://www.theguardian.com/tv-and-radio/2022/nov/03/great-british-bake-off-baking-show-lost-its-charm,www.theguardian.com
-8.1770115,-9.053978,https://www.theguardian.com/world/2022/nov/03/olena-zelenska-elon-musk-ukraine-peace-tweet,www.theguardian.com
-2.2091477,5.1351247,https://www.theguardian.com/commentisfree/2022/nov/03/interest-rate-rise-labour-keynesian-policies,www.theguardian.com
-4.3750296,6.1208253,https://www.theguardian.com/football/2022/nov/03/qatar-calling-its-critics-racist-opens-a-debate-that-may-be-worth-having-world-cup,www.theguardian.com
10.526673,5.36588,https://www.theguardian.com/business/live/2022/nov/03/bank-of-england-interest-rates-inflation-pound-recession-ftse-stock-market-business-live,www.theguardian.com
-4.7964063,14.530488,https://www.theguardian.com/tv-and-radio/2022/nov/03/tv-tonight-jamie-and-harry-redknapp-chase-down-soccer-superstars,www.theguardian.com
4.297732,4.8785896,https://www.theguardian.com/education/2022/nov/03/expand-free-school-meals-to-combat-rise-in-malnutrition-say-health-experts,www.theguardian.com
-11.100404,5.6360426,https://www.theguardian.com/society/2022/nov/03/regulator-investigates-lawyers-acting-for-nhs-trust-over-gagging-clauses,www.theguardian.com
-4.5103006,10.878562,https://www.theguardian.com/inequality/2022/nov/03/bias-against-working-class-and-regional-accents-has-not-gone-away-report-finds,www.theguardian.com
-3.271703,-14.238069,https://www.theguardian.com/environment/2022/nov/03/climate-crisis-brings-growing-numbers-of-unusual-jellyfish-to-uk-seas,www.theguardian.com
-1.7460915,18.096302,https://www.theguardian.com/sport/2022/nov/03/shadab-khan-keeps-pakistan-slim-t20-world-cup-semi-final-hopes-alive-cricket,www.theguardian.com
-8.602225,8.59391,https://www.theguardian.com/society/2022/nov/03/wes-streeting-can-see-this-gp-any-time,www.theguardian.com
-1.4221702,-10.207018,https://www.theguardian.com/environment/2022/nov/03/future-generations-face-climate-carnage-without-surge-in-funding-un,www.theguardian.com
-3.8266392,8.8117,https://www.theguardian.com/world/2022/nov/03/dutch-officials-paintball-scare-wolves-become-too-tame-hoge-veluwe-national-park,www.theguardian.com
-6.459198,13.556598,https://www.theguardian.com/football/2022/nov/03/englands-beth-mead-will-not-support-qatar-mens-world-cup,www.theguardian.com
17.61913,-5.6720257,https://www.theguardian.com/business/2022/nov/03/one-uk-nightclub-closing-every-two-days-over-soaring-costs-night-time-industries-association-warn,www.theguardian.com
-3.8973646,4.8289824,https://www.theguardian.com/world/2022/nov/03/abortion-women-inequality-dobbs-supreme-court,www.theguardian.com
-8.164845,4.957418,https://www.theguardian.com/uk-news/2022/nov/03/manston-asylum-centre-not-operating-legally-concedes-minister,www.theguardian.com
-1.5031905,8.449051,https://www.theguardian.com/travel/2022/nov/03/affordable-winter-kit-and-clever-hacks-to-keep-you-warm-on-outdoor-adventures,www.theguardian.com
-6.7614994,-4.333758,https://www.theguardian.com/world/2022/nov/03/row-over-germanys-public-transport-ticket-jumping-from-9-to-49,www.theguardian.com
2.4774792,-14.3531065,https://www.theguardian.com/business/video/2022/nov/03/how-gas-is-being-rebranded-as-green-video,www.theguardian.com
-10.609075,5.879127,https://www.theguardian.com/politics/2022/nov/03/tory-mp-andrew-bridgen-faces-suspension-over-lobbying-breaches,www.theguardian.com
-12.208054,1.193046,https://www.theguardian.com/technology/2022/nov/03/jeff-bezos-sued-by-former-housekeeper-over-racial-discrimination,www.theguardian.com
-4.1614923,18.455236,https://www.theguardian.com/football/2022/nov/03/ben-chilwell-set-to-be-ruled-out-of-world-cup-as-englands-defensive-woes-grow,www.theguardian.com
-4.9629574,14.283277,https://www.theguardian.com/football/2022/nov/03/players-to-wear-yellow-laces-support-ban-gambling-adverts-football-fa-cup,www.theguardian.com
-4.4598055,10.921629,https://www.theguardian.com/commentisfree/2022/nov/03/can-you-lose-accent-england-southern,www.theguardian.com
-3.5797317,15.351136,https://www.theguardian.com/sport/2022/nov/03/billy-vunipola-admits-england-exile-was-hard-before-new-debut-at-twickenham,www.theguardian.com
-9.50602,4.9651847,https://www.theguardian.com/world/2022/nov/03/uproar-after-irish-priest-says-varadkar-and-other-gay-politicians-will-go-to-hell,www.theguardian.com
-8.4646435,8.65621,https://www.theguardian.com/society/2022/nov/03/needless-deaths-of-30000-heart-patients-in-england-since-covid,www.theguardian.com
-0.043463964,12.395199,https://www.theguardian.com/music/2022/nov/03/pulps-20-greatest-songs-ranked,www.theguardian.com
-7.4690924,6.782631,https://www.theguardian.com/education/2022/nov/03/children-block-london-council-tower-hamlets-remove-play-space-school-street,www.theguardian.com
-4.3882174,6.7843504,https://www.theguardian.com/culture/2022/nov/03/whether-its-kit-connor-or-harry-styles-forcing-a-celebrity-to-come-out-is-not-progress,www.theguardian.com
-6.3482385,4.2057705,https://www.theguardian.com/environment/2022/nov/03/political-prisoner-alaa-abd-el-fattah-escalate-hunger-strike-cop27,www.theguardian.com
-4.7790427,5.03219,https://www.theguardian.com/politics/2022/nov/03/just-when-refugees-thought-manston-couldnt-get-any-worse-here-comes-leaky-sue,www.theguardian.com
-12.774376,4.8248787,https://www.theguardian.com/culture/2022/nov/03/trevor-noah-political-attack-ads-late-night-recap,www.theguardian.com
4.032585,-0.48086825,https://www.theguardian.com/technology/2022/nov/03/uber-high-court-battle-force-uk-private-hire-operator-outside-london-pay-vat,www.theguardian.com
-2.2209077,3.2238853,https://www.theguardian.com/world/2022/nov/03/ontario-doug-ford-strike-fine-bill-28-canada,www.theguardian.com
